GT3,porsche_991_gt3_r,Porsche 991 GT3 R,2018,Porsche
GT3,mercedes_amg_gt3,Mercedes-AMG GT3,2015,Mercedes
GT3,ferrari_488_gt3,Ferrari 488 GT3,2018,Ferrari
GT3,audi_r8_lms,Audi R8 LMS,2015,Audi
GT3,lamborghini_hurac�n_gt3,Lamborghini Hurac�n GT3,2015,Lamborghini
GT3,mclaren_650s_gt3,McLaren 650S GT3,2015,McLaren
GT3,nissan_gt_r_nismo_gt3,Nissan GT-R Nismo GT3,2018,Nissan
GT3,bmw_m6_gt3,BMW M6 GT3,2017,BMW
GT3,bentley_continental_gt3_2018,Bentley Continental GT3,2018,Bentley
GTC,porsche_991ii_gt3_cup,Porsche 991 II GT3 Cup,2017,Porsche
GT3,nissan_gt_r_nismo_gt3,Nissan GT-R Nismo GT3,2015,Nissan
GT3,bentley_continental_gt3_2016,Bentley Continental GT3,2016,Bentley
GT3,amr_v12_vantage_gt3,AMR V12 Vantage GT3,2013,Aston-Martin
GT3,lamborghini_gallardo_rex,Reiter Engineering R-EX GT3,2017,Lamborghini
GT3,jaguar_g3,Emil Frey Jaguar G3,2012,Jaguar
GT3,lexus_rc_f_gt3,Lexus RC F GT3,2016,Lexus
GT3,lamborghini_huracan_gt3_evo,Lamborghini Huracan GT3 Evo,2019,Lamborghini
GT3,honda_nsx_gt3,Honda NSX GT3,2017,Honda
GTC,lamborghini_huracan_st,Lamborghini Huracan SuperTrofeo,2015,Lamborghini
GT3,audi_r8_lms_evo,Audi R8 LMS Evo,2019,Audi
GT3,amr_v8_vantage_gt3,AMR V8 Vantage,2019,Aston-Martin
GT3,honda_nsx_gt3_evo,Honda NSX GT3 Evo,2019,Honda
GT3,mclaren_720s_gt3,McLaren 720S GT3,2019,McLaren
GT3,porsche_991ii_gt3_r,Porsche 991 II GT3 R,2019,Porsche
GT3,ferrari_488_gt3_evo,Ferrari 488 GT3 Evo,2020,Ferrari
GT3,mercedes_amg_gt3_evo,Mercedes-AMG GT3,2020,Mercedes
GTC,ferrari_488_challenge_evo,Ferrari 488 Challenge Evo,2020,Ferrari
TCX,bmw_m2_cs_racing,BMW M2 Club Sport Racing,2020,BMW
GTC,porsche_992_gt3_cup,Porsche 992 GT3 Cup,2021,Porsche
GTC,lamborghini_huracan_st_evo2,Lamborghini Huracan SuperTrofeo EVO2,2021,Lamborghini
GT3,bmw_m4_gt3,BMW M4 GT3,2022,BMW
GT3,audi_r8_lms_evo_ii,Audi R8 LMS GT3 Evo 2,2022,Audi
GT4,alpine_a110_gt4,Alpine A110 GT4,2018,Alpine
GT4,amr_v8_vantage_gt4,Aston Martin Vantage GT4,2018,Aston-Martin
GT4,audi_r8_gt4,Audi R8 GT4,2018,Audi
GT4,bmw_m4_gt4,BMW M4 GT4,2018,BMW
GT4,chevrolet_camaro_gt4,Chevrolet Camaro GT4,2017,Chevrolet
GT4,ginetta_g55_gt4,Ginetta G55 GT4,2012,Ginetta
GT4,ktm_xbow_gt4,KTM X-Bow GT4,2016,KTM
GT4,maserati_mc_gt4,Maserati MC GT4,2016,Maserati
GT4,mclaren_570s_gt4,McLaren 570S GT4,2016,McLaren
GT4,mercedes_amg_gt4,Mercedes AMG GT4,2016,Mercedes
GT4,porsche_718_cayman_gt4_mr,Porsche 718 Cayman GT4 Clubsport,2019,Porsche
GT3,ferrari_296_gt3,Ferrari 296 GT3,2023,Ferrari
GT3,lamborghini_huracan_gt3_evo2,Lamborghini Huracan GT3 Evo 2,2023,Lamborghini
GT3,porsche_992_gt3_r,Porsche 992 GT3 R,2023,Porsche
GT3,mclaren_720s_gt3_evo,McLaren 720S GT3 Evo,2023,McLaren
GT2,audi_r8_lms_gt2,Audi R8 LMS GT2,2021,Audi
GT2,ktm_xbow_gt2,KTM XBOW GT2,2021,KTM
GT2,maserati_mc20_gt2,Maserati MC20 GT2,2023,Maserati
GT2,mercedes_amg_gt2,Mercedes AMG GT2,2023,Mercedes
GT2,porsche_911_gt2_rs_mr,Porsche 911 RS CS Evo GT2,2023,Porsche
GT2,porsche_935,Porsche 935 GT2,2019,Porsche
GT3,ford_mustang_gt3,Ford Mustang GT3,2024,Ford
